{"cameraMode":{"drawMode":0,"name":"Shaded","section":"Shading Mode"},"sceneLighting":true,"audioPlay":false,"sceneViewState":{"showFog":true,"showMaterialUpdate":true,"showSkybox":true,"showFlares":true,"showImageEffects":true,"showParticleSystems":true},"in2DMode":false,"pivot":{"x":0.5123279690742493,"y":3.000000238418579,"z":-0.05768967792391777},"rotation":{"x":-0.012305185198783875,"y":-0.026058632880449296,"z":0.00031832774402573705,"w":-0.9996058344841003},"size":6.276880264282227,"orthographic":false}