{"cameraMode":{"drawMode":0,"name":"Shaded","section":"Shading Mode"},"sceneLighting":true,"audioPlay":false,"sceneViewState":{"showFog":true,"showMaterialUpdate":true,"showSkybox":true,"showFlares":true,"showImageEffects":true,"showParticleSystems":true},"in2DMode":false,"pivot":{"x":0.5123279690742493,"y":3.000000238418579,"z":-0.05768967792391777},"rotation":{"x":-0.0686383843421936,"y":-0.0021592213306576015,"z":-0.00012921296001877636,"w":0.9976654648780823},"size":3.833684206008911,"orthographic":false}