{"cameraMode":{"drawMode":0,"name":"Shaded","section":"Shading Mode"},"sceneLighting":true,"audioPlay":false,"sceneViewState":{"showFog":true,"showMaterialUpdate":true,"showSkybox":true,"showFlares":true,"showImageEffects":true,"showParticleSystems":true},"in2DMode":false,"pivot":{"x":0.37990590929985049,"y":-0.06338779628276825,"z":-0.6580623388290405},"rotation":{"x":0.00014569850463885814,"y":-0.9994304776191711,"z":-0.0041876728646457199,"w":-0.033878955990076068},"size":1080797.75,"orthographic":false}